regno,charity_name,legacy_income,voluntary_income,total_income,total_expenditure
209131,THE BRITISH COUNCIL,0,0,704530000,708083000
1036733,THE ARTS COUNCIL OF ENGLAND,0,452964000,604204000,621112000
205533,NUFFIELD HEALTH,200000,200000,554600000,552000000
1115297,THE GAVI FUND AFFILIATE,0,519741476,520252270,557409341
1089464,CANCER RESEARCH UK,157399000,362756000,514946000,466968000
205846,THE NATIONAL TRUST FOR PLACES OF HISTORIC INTEREST OR NATURAL BEAUTY,50316000,69986000,405634000,406145000
268369,THE CHARITIES AID FOUNDATION,500000,3641000,377433000,307838000
202918,OXFAM,13300000,125600000,318000000,294800000
213890,THE SAVE THE CHILDREN FUND,14737000,280109000,291472000,266552000
1052183,ANCHOR TRUST,0,0,288763000,269522000
264289,CITB-CONSTRUCTIONSKILLS,0,0,279012000,253680000
1115413,INTERNATIONAL FINANCE FACILITY FOR IMMUNISATION COMPANY,0,260501473,264171650,352240952
216250,BARNARDO'S,20925000,44475000,234323000,232762000
210183,WELLCOME TRUST,0,15728634,230347899,769378837
225971,BRITISH HEART FOUNDATION,52375000,91036000,213762000,203104000
313999,UNITED CHURCH SCHOOLS FOUNDATION LTD,0,580000,208240000,195425000
220949,THE BRITISH RED CROSS SOCIETY,22100000,119900000,205700000,199200000
306983,THE GIRLS' DAY SCHOOL TRUST,0,2435000,202732000,188755000
1097940,ACTION FOR CHILDREN,4270000,15566000,194662000,199333000
222377,ROYAL MENCAP SOCIETY,5626000,11389000,194199000,188632000
1081028,UFI CHARITABLE TRUST,0,0,191608917,181550951
207544,ROYAL COMMONWEALTH SOCIETY FOR THE BLIND,7318000,169357000,173471000,173002000
209603,THE ROYAL NATIONAL LIFEBOAT INSTITUTION,90600323,140050194,163569163,155276387
1128267,AGE UK,22258000,48294000,160665000,159896000
218186,LEONARD CHESHIRE DISABILITY,5349000,11649000,155026000,160377000
1104951,ST ANDREW'S HEALTHCARE,0,12000,154495000,132497000
216401,THE NATIONAL SOCIETY FOR THE PREVENTION OF CRUELTY TO CHILDREN,20338000,116499000,152210000,157404000
1073334,ASSESSMENT AND QUALIFICATIONS ALLIANCE,0,0,151906000,145106000
270901,CFBT EDUCATION TRUST,0,0,150647000,153251000
1123636,LEARNING AND SKILLS IMPROVEMENT SERVICE,0,44960000,147128000,147103000
214779,THE SALVATION ARMY,40720000,96375000,144717000,150147000
1096270,THE WOODARD CORPORATION,0,2234166,139411514,133792736
1093277,UNITED LEARNING TRUST,NA,NA,138277000,129937000
226227,THE ROYAL NATIONAL INSTITUTE OF BLIND PEOPLE,38069000,68302000,135145000,130150000
261017,MACMILLAN CANCER SUPPORT,48084000,127393000,133605000,132949000
207994,MARIE CURIE CANCER CARE,24876000,77372000,131475000,127629000
265543,MARIE STOPES INTERNATIONAL,0,2246000,129860000,125947000
1083994,MHA CARE GROUP,4184000,6878000,123349000,108113000
207076,ROYAL SOCIETY FOR THE PROTECTION OF BIRDS,27922000,96674000,121928000,104285000
312832,CITY AND GUILDS OF LONDON INSTITUTE,0,36991,118259172,110819992
1111608,ARK SCHOOLS,NA,NA,117465000,49616000
208076,THE GUINNESS TRUST,0,0,115299000,111484000
219099,ROYAL SOCIETY FOR THE PREVENTION OF CRUELTY TO ANIMALS,59196000,101045000,115288000,122564000
219279,THE ROYAL BRITISH LEGION,9444000,66450000,115235000,114486000
206061,PEABODY TRUST,0,0,114833000,92727000
211136,TRUSTEES OF THE LONDON CLINIC LIMITED,0,0,114702000,97286000
1098136,CANTERBURY CHRIST CHURCH UNIVERSITY,19269,494766,113392000,108569000
211775,ROYAL OPERA HOUSE COVENT GARDEN LIMITED,320000,52326000,111447000,107154000
1083995,METHODIST HOMES,4184000,6703000,111125000,98204000
1084952,EAST THAMES GROUP LIMITED,0,0,107434000,89242000
1107623,WAKEFIELD AND DISTRICT HOUSING LIMITED,0,0,106586000,154959000
1105851,CHRISTIAN AID,9585000,99397000,104621000,95859000
208231,SCOPE,4993000,14205000,101614000,94928000
1089278,GENERAL MEDICAL COUNCIL,0,0,101339000,87342000
1120150,HARRIS FEDERATION OF SOUTH LONDON SCHOOLS,NA,NA,99733000,66412000
1129044,THE CUP TRUST,0,97590164,97590164,97451195
287785,THE SHAW TRUST LIMITED,0,2460000,96642000,93314000
215174,THE SALVATION ARMY SOCIAL WORK TRUST,1656000,11638000,95554000,88730000
519996,COMMUNITY INTEGRATED CARE,0,19000,94660000,93878000
1021457,GENOME RESEARCH LIMITED,0,92412000,93920000,97126000
1131066,BHP BILLITON SUSTAINABLE COMMUNITIES,0,92992200,92995521,1331781
296729,SPECIALIST SCHOOLS AND ACADEMIES TRUST,0,1216000,91013000,88754000
1117185,ADVENTURE CAPITAL FUND,0,0,90922000,32707000
269425,THE NATIONAL AUTISTIC SOCIETY,90000,6823000,88310000,89756000
1048355,THE ORDERS OF ST JOHN CARE TRUST,0,20000,87968000,83919000
1077265,THE PRIORY OF ENGLAND AND THE ISLANDS OF THE MOST VENERABLE ORDER OF THE HOSPITAL OF ST. JOHN OF JERUSALEM,3296000,16165000,87472000,93658000
208217,THE PEOPLE'S DISPENSARY FOR SICK ANIMALS,39281000,61813000,84477848,85592743
1125603,ACADEMIES ENTERPRISE TRUST,NA,NA,83711000,39500000
1015988,WRVS,95520,1678927,81959740,83304193
1072612,THE UNITED KINGDOM COMMITTEE FOR UNICEF,4269000,78523000,81312000,81246000
289868,"SENSE, THE NATIONAL DEAFBLIND AND RUBELLA ASSOCIATION",2530623,10992989,81021354,77147650
297241,BRITISH EDUCATIONAL COMMUNICATIONS AND TECHNOLOGY AGENCY,0,80390000,80418000,115304000
229476,INTERNATIONAL PLANNED PARENTHOOD FEDERATION,601245,77570463,80296206,81951361
1116657,THE BECHT FAMILY CHARITABLE TRUST,0,77596500,79898303,281561
525938,UNIVERSITY COLLEGE CHESTER,0,0,79859407,75378571
1052076,SUE RYDER,5519000,12730000,76228000,75546000
1108779,WALSALL HOUSING GROUP LIMITED,0,0,74648186,66468201
327816,THE EXTRACARE CHARITABLE TRUST,0,1723000,74304000,66152000
1127929,STONYHURST,0,61619525,73880899,13921245
1062638,DISASTERS EMERGENCY COMMITTEE,0,73585000,73687000,25452000
271297,THE COLLEGE OF LAW,0,0,73113000,62978000
1074857,THE ARCHBISHOPS' COUNCIL,678000,1262000,73031000,71896000
326568,CHARITY PROJECTS,0,58964336,72189857,79237419
1016538,THE UNITED CHURCH SCHOOLS TRUST,0,563000,71805000,76249000
296072,CONSUMERS' ASSOCIATION,0,0,70870000,68168000
207043,THE ROYAL SOCIETY OF LONDON FOR IMPROVING NATURAL KNOWLEDGE (COMMONLY KNOWN AS THE ROYAL SOCIETY),25000,58744000,70748000,65726000
1109288,OASIS COMMUNITY LEARNING,NA,NA,70713000,77959000
313194,METHODIST INDEPENDENT EDUCATION TRUST,0,418000,70213000,68094000
1127514,THE MARCELA TRUST,0,70045373,70045373,801763
234887,TURNING POINT,72500,144927,69167133,68980113
224223,THE ROYAL NATIONAL THEATRE,27908,26336000,65954000,65455000
222879,THE ROYAL HORTICULTURAL SOCIETY,2819000,6213000,65819000,60362000
274467,ACTIONAID,1777000,53355000,65745000,63783000
279057,THE NATIONAL ASSOCIATION OF CITIZENS ADVICE BUREAUX,132000,231000,65215000,64441000
265464,TEARFUND,3288000,63041000,64848000,59652000
328158,ISLAMIC RELIEF WORLDWIDE,0,50136719,64349022,60216641
228824,THE INSTITUTE FOR ANIMAL HEALTH,0,0,63738000,45486000
1068661,THE CONGREGATION OF THE DAUGHTERS OF THE CROSS OF LIEGE,775000,3294000,63415000,60085000
265249,UNITED RESPONSE,0,473000,61940000,60052000
1068852,HISTORIC ROYAL PALACES,0,2086000,61792000,56034000
227523,DOGS TRUST,18506000,56177000,61695000,54870000
226171,"NACRO",0,1496000,61043000,57310000
285908,WORLD VISION UK,1099000,60867000,60987000,59921000
230260,GARFIELD WESTON FOUNDATION,0,0,60052000,34939000
1135111,MEDICAL EMERGENCY RELIEF INTERNATIONAL,0,8605328,59507197,59898593
288371,THE LEVERHULME TRUST,0,0,59115000,51479000
296645,ALZHEIMER'S SOCIETY,10465000,31950000,58907000,57299000
1124189,E-ACT,NA,NA,58743000,55781000
1123956,GOLDMAN SACHS GIVES (UK),0,57453890,57565697,6764578
1079327,CRIME REDUCTION INITIATIVES,0,36000,57508000,56267000
251549,ELIM FOURSQUARE GOSPEL ALLIANCE,431399,42614307,57507073,55641697
212481,"THE ROYAL SHAKESPEARE COMPANY, STRATFORD-UPON-AVON",154555,30453017,57427067,33505043
209617,THE GUIDE DOGS FOR THE BLIND ASSOCIATION,28125000,52828000,57366000,73028000
211014,THE INSTITUTION OF ENGINEERING AND TECHNOLOGY,4651000,4651000,57218000,49702000
1081247,WWF - UK,10247000,45614000,56714000,50512000
260059,THE MATHILDA AND TERENCE KENNEDY INSTITUTE OF RHEUMATOLOGY TRUST,30000,39000,55650000,30344000
235825,THE GREAT ORMOND STREET HOSPITAL CHILDREN'S CHARITY,8346000,43456000,55456000,44137000
700520,SHEFFIELD CITY TRUST,0,21652000,55094000,55944000
1008587,ALTERNATIVE FUTURES GROUP  LIMITED,0,0,54195684,50791624
234714,STEWARDSHIP SERVICES (UKET) LIMITED,0,51232000,54031000,54208000
313757,VOLUNTARY SERVICE OVERSEAS,0,51696000,53009000,49376000
271028,"NATIONAL SCHIZOPHRENIA FELLOWSHIP",171456,980473,52970777,51362074
802559,JEWISH CARE,4609000,24191000,52967000,45590000
1125841,CREATIVITY CULTURE AND EDUCATION,0,0,52781572,49657262
222655,LIVERPOOL SCHOOL OF TROPICAL MEDICINE,0,6448000,52525000,51161000
1060579,LIVERPOOL HOPE UNIVERSITY,0,22991672,52492266,48117180
204817,THE BEDFORD CHARITY (THE HARPUR TRUST),0,453000,52397000,51940000
298028,VICTIM SUPPORT,0,2554000,51779000,49550000
1091434,NURSING AND MIDWIFERY COUNCIL,0,0,51708000,36738000
1113255,VINSPIRED,0,415000,51528000,47525000
263710,"SHELTER, NATIONAL CAMPAIGN FOR HOMELESS PEOPLE LIMITED",3234000,25532000,51132000,45900000
306122,YHA (ENGLAND AND WALES),652000,3650000,50914000,49917000
251988,THE GATSBY CHARITABLE FOUNDATION,0,7067000,50266000,50608000
1107073,HELENA PARTNERSHIPS LIMITED,0,0,49991000,55721000
1103644,KNOWSLEY HOUSING TRUST,0,0,49717000,50033000
276035,PLAN INTERNATIONAL UK,613570,49437000,49683000,49316000
285776,CATHOLIC AGENCY FOR OVERSEAS DEVELOPMENT,5003000,41343000,49055000,46836000
1124127,CATCH 22 CHARITY LIMITED,0,4870000,48644000,48505000
210760,"THE SOLDIERS, SAILORS, AIRMEN AND FAMILIES ASSOCIATION - FORCES HELP",2069000,6467000,48453000,45733000
1123828,FUTURE ACADEMIES,NA,NA,47344006,13153272
293851,THE INSTITUTE OF PHYSICS,0,0,47281000,44658000
207720,THE ROYAL NATIONAL INSTITUTE FOR DEAF PEOPLE,7953000,13936000,47258000,44626000
1106969,WIRRAL PARTNERSHIP HOMES LIMITED,0,0,47051000,48319000
1034245,CYNGOR CELFYDDYDAU CYMRU,0,32365000,46476000,47028000
250840,MACINTYRE CARE,289000,511000,46360000,45478000
1079309,THE FOOTBALL FOUNDATION,0,46140890,46140890,41235423
1074701,THE WREKIN HOUSING TRUST LIMITED,0,0,45927000,40816000
235822,SS. JOHN AND ELIZABETH CHARITY,478000,1523000,45747000,43926000
1120920,HELP FOR HEROES,851000,36439000,45723000,49613000
288701,WATERAID,2537000,34441000,45611000,45232000
801571,THE BRANDON TRUST,0,275539,45481153,44995028
1079666,"THE MUSEUMS, LIBRARIES AND ARCHIVES COUNCIL",0,42264821,45354805,59232328
1092193,BRE TRUST,0,0,44504000,43236000
298909,SOUTHBANK CENTRE,0,27638000,44474000,49791000
1091043,THE CHILDREN'S INVESTMENT FUND FOUNDATION (UK),0,26437280,44257859,44139424
1079836,SKILLS FOR CARE LTD,0,0,44204706,40582856
802052,THE BBC CHILDREN IN NEED APPEAL,1470000,39917000,44204000,46974000
1065972,"INTERNATIONAL RESCUE COMMITTEE, U.K",0,406000,43889000,40219000
800797,THE DISABILITIES TRUST,-2000,347355,43691883,37775139
209631,IMPERIAL CANCER RESEARCH FUND,43427000,43427000,43427000,43427000
312612,THE WHITGIFT FOUNDATION,0,162443,43411831,45899157
287780,THE BRITISH FILM INSTITUTE,0,24599000,43263000,42443000
230165,SOCIETY OF JESUS TRUST OF 1929 FOR ROMAN CATHOLIC PURPOSES,971000,4462000,43098000,35851000
1132208,THE METHODIST CHURCH IN GREAT BRITAIN,2809000,23416000,42900000,55494000
1116530,LIVABILITY,2977000,6383000,42686000,40524000
1104746,CROSS KEYS HOMES LIMITED,0,0,42465389,49469219
221124,CHURCH OF ENGLAND CHILDREN'S SOCIETY,6627000,23147000,42365000,42548000
1132771,OUTWOOD GRANGE ACADEMIES TRUST,NA,NA,42281000,18190000
232709,LIVERPOOL ROMAN CATHOLIC ARCHDIOCESAN TRUST,763947,13335924,42058239,43681409
529589,YORK ST JOHN UNIVERSITY,NA,NA,41985000,39852000
1119322,CABOT LEARNING FEDERATION,NA,NA,41671000,19067000
1108793,YARLINGTON HOUSING GROUP,0,0,41650538,33263357
802038,ROTHAMSTED RESEARCH LIMITED,0,2984000,41432000,36422000
200719,THE ABBEYFIELD SOCIETY,1716000,1716000,41092000,35128000
1035628,BRIDGE HOUSE ESTATES,0,0,40800000,34200000
313069,HF TRUST LIMITED,718000,3637000,40784000,38167000
207890,THE ROYAL SOCIETY OF CHEMISTRY,89610,146000,40749000,37612000
326550,SUSTRANS LIMITED,0,2869734,40715380,39783920
290859,THE ALICE TRUST,0,33726363,40388407,9515837
1091768,"NATIONAL CENTRE FOR SOCIAL RESEARCH",0,0,40366113,39786381
1096526,PRE-SCHOOL LEARNING ALLIANCE,0,303000,40197000,41555000
310033,THE KEEPERS AND GOVERNORS OF THE FREE GRAMMAR SCHOOL OF JOHN LYON,814432,4437000,39957000,35118000
310283,MILLFIELD,0,39000,39940000,38372000
298149,CHOICE SUPPORT,0,244947,39679592,39003341
1074574,SOMER COMMUNITY HOUSING TRUST,0,0,39508000,29396000
1106102,ERIMUS HOUSING LIMITED,0,0,39354000,29211000
1090163,THERA TRUST,0,18054,39275953,40247454
207711,ARTHRITIS RESEARCH UK,19525000,22860000,39265000,37554000
1002775,THE NATIONAL INSTITUTE OF ADULT CONTINUING EDUCATION (ENGLAND AND WALES),0,121000,39220000,39222000
1064397,POPLAR HOUSING AND REGENERATION COMMUNITY ASSOCIATION LIMITED,0,677000,38826000,36726000
207360,THE ROYAL MASONIC BENEVOLENT INSTITUTION,1934000,5689000,38480000,36144000
291558,THE FEDERATION OF GROUNDWORK TRUSTS,0,3486006,38257028,37657396
233480,THE SERVICES SOUND AND VISION CORPORATION,0,0,38111000,32489000
1001957,ADDACTION,0,1198603,37231600,38018441
1020101,BLACKBURN DIOCESAN BOARD OF EDUCATION,0,36119000,37169000,36724000
233699,WESTMINSTER ROMAN CATHOLIC DIOCESAN TRUST AND OTHER TRUST FUNDS ADMINISTERED BY THE WESTMINSTER ROMAN CATHOLIC DIOCESAN TRUSTEE,1011000,23830000,36955000,31533000
309267,UNITED WESTMINSTER SCHOOLS FOUNDATION,0,15880000,36523000,55189000
1079675,THE PRINCE'S TRUST,801000,18339000,36395000,38289000
1106967,TRAFFORD HOUSING TRUST LIMITED,0,0,36287040,35140218
1073332,WJEC CBAC LIMITED,0,12000,36249000,32996000
210566,ROYAL INSTITUTE OF BRITISH ARCHITECTS,0,462000,36110000,34785000
1053902,THE BABRAHAM INSTITUTE,0,21345000,35800000,30964000
242451,THE CHURCH OF JESUS CHRIST OF LATTER-DAY SAINTS (GREAT BRITAIN),0,33309000,35673000,35998000
231060,THE CHARTERED INSTITUTE OF PUBLIC FINANCE AND ACCOUNTANCY,3000,3000,35608000,31572000
298096,METROPOLITAN SUPPORT TRUST,0,0,35408000,36262000
223852,JOHN INNES CENTRE,0,0,35388000,30761000
1105278,WIGAN LEISURE AND CULTURE TRUST,0,16731518,35225780,34949862
1014986,THE FREMANTLE TRUST,0,0,35034000,35183000
287120,CROSSCO (1045),0,65000,34877000,34870000
1093739,THE EMMANUEL SCHOOLS FOUNDATION,NA,NA,34834818,34855778
1083008,THE MINES ADVISORY GROUP,1736,794335,34697101,31840531
1107737,FUSION LIFESTYLE,0,0,34686881,34163678
261009,BTCV,75000,2714000,34498000,35013000
1016972,THE ROYAL COLLECTION TRUST,0,0,34421000,32513000
1014697,CARE SOUTH,99000,99000,34235000,32334000
311096,THE ASHRIDGE (BONAR LAW MEMORIAL) TRUST,0,0,34227000,34277000
1059050,NORWOOD RAVENSWOOD,1930000,10026000,34023000,33917000
292880,THE HOSPITAL MANAGEMENT TRUST,0,4431,33846644,32819059
1126291,INTERNATIONAL BACCALAUREATE ORGANIZATION (UK) LIMITED,0,78000,33833000,36077000
257210,ENGLISH NATIONAL OPERA,15273,20511000,33790000,33949000
1133373,UNITED REFORMED CHURCH TRUST,816000,28949000,33726000,27646000
1099725,FOCUS LEARNING TRUST,0,3211509,33649859,35629714
1053866,THE FAMILY FUND TRUST FOR FAMILIES WITH SEVERELY DISABLED CHILDREN,0,4000,33595000,33743000
291583,REGENT'S COLLEGE,0,0,33573000,32849000
292182,THE ASSOCIATED BOARD OF THE ROYAL SCHOOLS OF MUSIC,49000,49000,33471101,32536392
1074481,WILLOW PARK HOUSING TRUST LIMITED,0,0,33463674,30621444
203644,CATS PROTECTION,19084000,28795000,33417000,36941000
1086915,YOUTH SPORT TRUST,0,32211476,33404246,32646321
285251,CAREERS DEVELOPMENT GROUP,0,0,33263553,31476299
257376,THE ELECTRICAL SAFETY COUNCIL,0,0,33182000,33997000
502224,ST ANNE'S COMMUNITY SERVICES,0,29856,33167610,32905559
208728,THE ZOOLOGICAL SOCIETY OF LONDON,261739,1992430,33079286,32174680
200453,THE RICHMOND FELLOWSHIP,0,54511,33066000,31494000
1114504,VALE OF AYLESBURY HOUSING TRUST LIMITED,0,0,32898000,41050000
207238,ROYAL SOCIETY OF WILDLIFE TRUSTS,157000,1497000,32755000,34459000
525774,"NATIONAL MUSEUM OF WALES",0,0,32673000,29938000
1120192,"ST MARY'S UNIVERSITY COLLEGE,TWICKENHAM",0,0,32592000,31499000
313000,THE LONDON DIOCESAN BOARD FOR SCHOOLS,0,999000,32575000,32959000
312738,THE AMERICAN SCHOOL IN LONDON EDUCATIONAL TRUST LTD,0,4074653,32573271,30433686
242575,THE MONUMENT TRUST,0,6227000,32552000,32519000
292506,CARE INTERNATIONAL UK,262000,6705000,32509000,32184000
225838,THE CANCER RESEARCH CAMPAIGN,32487000,32487000,32487000,32487000
298582,THE TERESA ROSENBAUM GOLDEN CHARITABLE TRUST,28911939,32343127,32370336,690480
1132342,THE RIDINGS' FEDERATION OF ACADEMIES TRUST,NA,NA,32290681,16387414
702632,AUTISM INITIATIVES (UK),0,638000,32246000,29922000
1112775,WORKERS' EDUCATIONAL ASSOCIATION,0,89225,32211193,31615724
235468,ROMAN CATHOLIC DIOCESE OF SOUTHWARK DIOCESAN TRUST,2146552,21226682,32181430,29629360
1016630,FOUNDATION FOR CREDIT COUNSELLING,0,528247,32123090,27001308
309093,THE WELLINGTON COLLEGE,0,459000,31873000,30416000
1125383,THE ROYAL ACADEMY OF ARTS,315499,11914265,31852798,25756161
313996,HABERDASHERS' ASKE'S CHARITY,0,37000,31752000,29600000
210508,THE ROYAL COLLEGE OF PHYSICIANS OF LONDON,252000,252000,31679000,29692000
1117952,NORTH LINCOLNSHIRE HOMES LIMITED,0,0,31530674,24714053
528384,HARPER ADAMS UNIVERSITY COLLEGE,0,17373528,31422876,29802438
241083,THE LONDON DIOCESAN FUND,5800,25300000,31400000,35700000
242552,UNITED SYNAGOGUE,0,19148000,31208000,3080400
205907,ROYAL HOSPITAL FOR NEURO-DISABILITY,50000,1232000,31155000,30141000
1103029,GRACE ACADEMY,NA,NA,30971000,22590000
219830,MIND (THE NATIONAL ASSOCIATION FOR MENTAL HEALTH),2654000,7061000,30946000,29592000
1001489,HABERDASHERS' ASKE'S FEDERATION TRUST,NA,NA,30927813,27640521
218093,WALES COUNCIL FOR VOLUNTARY ACTION,0,0,30749169,24346131
307992,NORWOOD SCHOOLS LTD,0,8954000,30700000,29200000
1090329,THE NHS CONFEDERATION,0,0,30660828,34591851
1000566,THE SALVATION ARMY INTERNATIONAL TRUST,4000,3802000,30605000,32419000
309921,THE CORPORATION OF OUNDLE SCHOOL,0,1799000,30459000,24635000
1000392,THE DAVID LEWIS CENTRE,0,0,30374000,28395000
1114250,DARWEN ACADEMY TRUST,NA,NA,30235000,7409000
210252,THE INSTITUTION OF CIVIL ENGINEERS,0,1039000,30179000,29642000
223106,THE ROYAL COLLEGE OF GENERAL PRACTITIONERS,0,203181,29984998,27676901
803716,ANTHONY NOLAN TRUST,244082,4670002,29838096,29558230
294377,MILESTONES TRUST,0,48605,29766048,28500007
1101607,THE HIGHER EDUCATION ACADEMY,0,0,29644000,29325000
1116258,PARKWAY GREEN HOUSING TRUST,0,0,29438000,43101000
245698,CARR-GOMM,NA,NA,29383000,27821000
215199,THE BRITISH DIABETIC ASSOCIATION,10824000,22541000,29334000,26332000
1105987,EASTLANDS HOMES PARTNERSHIP LIMITED,0,0,29250000,28644000
800058,UNITED BIBLE SOCIETIES ASSOCIATION,0,19026000,29116000,29809000
207495,THE MULTIPLE SCLEROSIS SOCIETY OF GREAT BRITAIN AND NORTHERN IRELAND,8711000,22247000,29060000,35324000
1081606,DIMENSIONS (ADP) LIMITED,NA,NA,28969000,28486000
1090412,LONDON GRID FOR LEARNING TRUST,0,0,28765667,28622591
291222,CSV,0,2032000,28747000,28677000
211015,THE STROKE ASSOCIATION,8161000,16726000,28672000,26950000
1104956,GOLDING HOMES LIMITED,0,0,28572000,24669000
1076235,BBC MEDIA ACTION,0,978000,28204000,27058000
233176,THE BRITISH ACADEMY FOR THE PROMOTION OF HISTORICAL PHILOSOPHICAL AND PHILOLOGICAL STUDIES,0,20663,28139608,27669921
1093070,EDEN TRUST,0,95360,28110842,30191324
228906,THE CONGREGATION OF THE SISTERS OF NAZARETH CHARITABLE TRUST,454388,1810996,28049413,29220030
1123381,THE HOSPITAL SATURDAY FUND,0,3278,27892862,26734941
1080254,JTL,0,0,27603957,26034044
1113456,LEARNING AND SKILLS NETWORK IN ADMINISTRATION,0,0,27488452,25789995
1002727,AVANTE PARTNERSHIP LIMITED,0,156047,27366279,25716816
205913,ACTION FOR BLIND PEOPLE,0,28000,27172000,26968000
252878,ARUNDEL AND BRIGHTON DIOCESAN TRUST,805000,9660000,27052000,26465000
212808,ROYAL COLLEGE OF SURGEONS OF ENGLAND,1397000,4900000,26996000,27810000
264818,THE DONKEY SANCTUARY,18479000,24293000,26933000,27509000
224392,THE BLUE CROSS (INCORPORATING OUR DUMB FRIENDS LEAGUE),15074000,22169000,26878000,25149000
1024741,UNIVERSITIES AND COLLEGES ADMISSIONS SERVICE,0,0,26856357,21547877
1114158,SAXON WEALD HOMES LIMITED,0,0,26815285,16714190
1102937,TESTWAY HOUSING LIMITED,NA,NA,26785000,26987000
282264,BROADCASTING SUPPORT SERVICES,0,0,26756000,25416000
312755,DULWICH COLLEGE,0,822788,26711250,26096333
1038860,INTERNATIONAL HIV/AIDS ALLIANCE,49159,49159,26598318,26812419
1026588,MEDECINS SANS FRONTIERES (UK),2693000,23514000,26577000,26082000
307942,THE KING'S SCHOOL OF THE CATHEDRAL CHURCH OF CANTERBURY,0,288000,26448000,27369000
1132097,THE SACKLER TRUST,0,0,26273547,203755
1065995,THE BENENDEN HOSPITAL TRUST,330329,21594000,26156000,25823000
311056,BERKHAMSTED SCHOOL,55694,157100,26126200,25091600
1108381,THE GLOUCESTERSHIRE CARE PARTNERSHIP,0,0,26092000,26154000
1119215,THE CHELSEA ACADEMY,NA,NA,26077000,3317000
327114,LLOYDS TSB FOUNDATION FOR ENGLAND AND WALES,0,25242000,26063000,27013000
1105727,HOUSING HARTLEPOOL,0,0,26011881,26667279
1092077,THE HAVEBURY HOUSING PARTNERSHIP,0,0,25991000,23394000
1113219,NEW LINX HOUSING TRUST,0,0,25980000,22328000
1107876,SHORELINE HOUSING PARTNERSHIP LIMITED,0,0,25962502,19922070
232402,THE CAMPHILL VILLAGE TRUST LIMITED,1673340,4964104,25898654,22112033
216647,INTERNATIONAL BIBLE STUDENTS ASSOCIATION,1069488,21408565,25767565,17968609
294344,THE WOODLAND TRUST,8575000,19041000,25577000,20847000
1130473,THE AVENUES TRUST GROUP,0,7619,25526037,25192513
1060941,FRAMEWORK HOUSING ASSOCIATION,0,154000,25508000,24204000
264506,ENGINEERING CONSTRUCTION INDUSTRY TRAINING BOARD,0,0,25315634,19917561
1134907,COMPTON VERNEY FUND,0,25000100,25278450,1202563
295224,MUSLIM AID,0,25098503,25162479,21310522
527951,UPPINGHAM SCHOOL,0,3422523,25108175,20977857
289145,BRITISH PREGNANCY ADVISORY SERVICE,0,17000,25042000,24335000
258825,"NATIONAL CHILDREN'S BUREAU",0,170000,25028000,24690000
299745,MOTABILITY,76000,932000,25003000,26403000
309486,MARLBOROUGH COLLEGE,538247,613247,24813815,23189343
311877,THE NATIONAL CENTRE FOR YOUNG PEOPLE WITH EPILEPSY CHARITABLE TRUST,0,1480000,24779000,22912000
1092236,CONCERN WORLDWIDE (UK),457243,16066479,24728803,21923956
311585,THE BELL EDUCATIONAL TRUST LIMITED,0,0,24679000,23031000
1121595,RSA ACADEMY AT TIPTON,NA,NA,24659000,7330000
249678,THE SOUTH LONDON CHURCH FUND AND SOUTHWARK DIOCESAN BOARD OF FINANCE,0,17096606,24571719,23295595
1093861,INTERNATIONAL MEDICAL CORPS (UK),0,3187761,24527305,23375903
1119619,ST PAUL'S SCHOOL,0,3139000,24460000,22055000
1105813,WEAVER VALE HOUSING TRUST LIMITED,0,0,24458000,21207000
1077961,WATCH TOWER BIBLE AND TRACT SOCIETY OF BRITAIN,2075191,11616129,24437937,23606341
206495,THE WOLFSON FOUNDATION,0,0,24380000,28847000
312929,UNIVERSITY COLLEGE PLYMOUTH ST MARK & ST JOHN,0,0,24350450,21393600
1110703,BOLTON SCHOOL,0,949000,24308000,22418000
528752,RUGBY SCHOOL,8494,2092724,24255303,22782969
529051,THE SCHOOLS OF KING EDWARD VI IN BIRMINGHAM,0,1218345,24144817,21922617
1120354,SOUTH WEST GRID FOR LEARNING TRUST,0,1408034,24130148,23978036
1116553,DERWENTSIDE HOMES LIMITED,0,0,24101000,14648000
306101,THE SCOUT ASSOCIATION,1848000,10167000,23999000,23065000
1077216,COMPASSION UK CHRISTIAN CHILD DEVELOPMENT,0,23837371,23864367,23224820
1109476,THE THAILAND BURMA BORDER CONSORTIUM,0,23679517,23710859,23806393
1111346,HALTON HOUSING TRUST LIMITED,0,0,23693000,32362000
1122249,THE RICHARD ROSE TRUST,NA,NA,23665320,19214788
209782,TOGETHER TRUST LIMITED,8806,82821,23656823,22247639
1060458,WALES MILLENNIUM CENTRE,0,7314000,23648000,26761000
306077,THE NORTH OF ENGLAND ZOOLOGICAL SOCIETY,0,3609000,23573000,22912000
201555,BRUNELCARE,132000,132000,23524000,22342000
311735,CLIFTON COLLEGE,0,91000,23422000,22597000
1091318,HCT GROUP,0,407492,23299317,22356142
307061,BRIGHTON COLLEGE,0,735766,23285644,19710981
236627,THE CHURCH OF ENGLAND PENSIONS BOARD,235000,502000,23259000,21895000
1113104,LIFELONG LEARNING UK,0,0,23209482,23542962
1088057,WARWICK INDEPENDENT SCHOOLS FOUNDATION,0,580000,23202000,20783000
1026493,AMPLEFORTH ABBEY,46000,1019000,23193000,22245000
1098740,BROMSGROVE SCHOOL,0,75689,23179056,21466480
1058226,MISSION AVIATION FELLOWSHIP INTERNATIONAL,0,11639000,23156000,21900000
511726,OPERA NORTH LIMITED,0,19462450,23115136,16447796
264713,FAMILY ACTION,24000,648000,23111000,22265000
247954,THE OXFORD DIOCESAN BOARD OF FINANCE,0,17225000,23104000,24108000
290511,"NATIONAL ENERGY ACTION",0,0,23062021,22476188
1120090,CHRIST'S HOSPITAL SCHOOL,0,7750000,22966000,22398000
257516,THE GRACE TRUST,0,0,22954246,24052209
229226,CHURCH COMMUNITIES UK,0,557185,22937247,22778748
284880,PHOENIX HOUSE,0,86479,22885292,22336199
1092857,TRELOAR TRUST,126512,1445251,22768249,23759882
1081228,SHERBORNE SCHOOL,5000,1090000,22762000,20975000
1110346,NEWMAN UNIVERSITY COLLEGE,0,12710129,22749891,20127832
1125521,THE SAID FOUNDATION,0,21308662,22645198,18443591
264658,"NACRO COMMUNITY ENTERPRISES LTD",0,0,22639000,22469000
243877,GLYNDEBOURNE PRODUCTIONS LIMITED,0,6202928,22612343,21251704
207812,ELIZABETH FINN CARE,1416326,1961981,22595699,29841382
1081849,THE WORLD SOCIETY FOR THE PROTECTION OF ANIMALS,2592000,22473000,22583000,20671000
1001349,SAMARITAN'S PURSE INTERNATIONAL LIMITED,0,22371309,22483466,22558841
311722,CHELTENHAM LADIES COLLEGE,56000,273000,22301000,20972000
312728,ST PETER'S COLLEGE (OTHERWISE KNOWN AS WESTMINSTER SCHOOL),0,909000,22275000,22924000
1031031,CHRISTIAN VISION,0,10016927,22272961,13281971
281942,THE GRAND CHARITY,1431000,21338300,22265600,24014700
278950,ST BEDE'S SCHOOL TRUST SUSSEX,0,0,22246876,22114975
1092778,SOCIAL CARE INSTITUTE FOR EXCELLENCE,0,0,22163921,11391117
1123904,THE PRIORY FEDERATION OF ACADEMIES,NA,NA,22133000,20539000
1048304,THE GRAMMAR SCHOOL AT LEEDS,0,202569,22125051,21508712
234216,BIRMINGHAM DIOCESAN TRUST,2686000,15042000,22124000,21376000
1118553,GDST ACADEMY TRUST,NA,NA,22086000,11914000
292786,THE BRITISH COMPUTER SOCIETY,0,0,22084000,24500000
312054,CHARTERHOUSE SCHOOL,322000,322000,22074000,21840000
216227,BLIND VETERANS UK,10086000,16396000,22023000,25162000
1101358,SEVENOAKS SCHOOL,0,338612,21987246,18854170
515691,LIFELINE PROJECT,0,219321,21805947,20995805
1107432,CIRCLE CARE AND SUPPORT,0,197000,21763000,21292000
310024,KING'S COLLEGE SCHOOL,0,575668,21623361,20298544
222930,NUGENT CARE,163000,287000,21612000,21273000
247257,PRACTICAL ACTION,1841000,8591000,21581000,21174000
309243,"ST PETER'S COLLEGE, RADLEY",876271,1373000,21570000,19302000
1105751,FUTURES HOMESCAPE LIMITED,0,45000,21568000,21078000
288180,HELPAGE INTERNATIONAL,0,6110000,21495000,19725000
288018,THE CHILDREN'S TRUST,137000,2547000,21478000,20287000
1046624,THE HORDER CENTRE,220465,457633,21417783,16398972
1097977,TONBRIDGE SCHOOL,2000,2110669,21401530,19398187
1091612,YMCA TRAINING,0,0,21396000,21136000
212810,"NATIONAL COUNCIL OF YOUNG MEN'S CHRISTIAN ASSOCIATIONS (INCORPORATED)",575000,3370000,21347000,21195000
1120102,LEEDS TRINITY UNIVERSITY COLLEGE,0,9718780,21342052,20897732
294230,AMNESTY INTERNATIONAL CHARITY LIMITED,0,21297000,21306000,21901000
288527,THE TERRENCE HIGGINS TRUST,1372000,5891000,21285000,19510000
1112582,STAFFORD & RURAL HOMES LIMITED,0,0,21210000,14987000
1089625,THE VODAFONE FOUNDATION,0,21092248,21186391,26748491
249505,THE CHELMSFORD DIOCESAN BOARD OF FINANCE,0,17724000,21183000,21064000
1001813,THE HALO TRUST,0,20782000,21077000,20374000
258197,PARKINSON'S DISEASE SOCIETY OF THE UNITED KINGDOM,999900,16450000,20936000,22786000
211091,TOGETHER WORKING FOR WELLBEING,45899,419678,20913894,20927393
1105907,HEREFORDSHIRE HOUSING LIMITED,0,0,20896000,20008000
310639,STOWE SCHOOL LIMITED,0,2011841,20804525,17825174
1131425,OAKHAM SCHOOL,0,375000,20799000,19437000
1081765,LOUGHBOROUGH ENDOWED SCHOOLS,175000,200000,20796000,18296000
202151,ST MONICA TRUST,0,0,20758000,22145000
309998,TRINITY LABAN CONSERVATOIRE OF MUSIC AND DANCE,0,11202413,20731323,20530456
207782,ST CHRISTOPHER'S FELLOWSHIP,38000,161000,20695000,20397000
1108428,SAINT JOHN OF GOD HOSPITALLER SERVICES,0,983000,20673000,21041000
1053486,CORNWALL CARE LIMITED,0,100,20643075,20646719
1119628,THE QUAERERE ACADEMY TRUST,NA,NA,20587000,6381000
297716,BUSINESS IN THE COMMUNITY,0,1518000,20568000,20286000
1074930,THE COALFIELDS REGENERATION TRUST,0,19323000,20523000,17614000
1075032,THE NATIONAL FOUNDATION FOR YOUTH MUSIC,0,20447635,20520571,19656641
211659,THE ROYAL OPERA HOUSE FOUNDATION,0,12826000,20497000,20497000
309089,"ST ANDREW'S COLLEGE, BRADFIELD",0,2356469,20485413,16924003
1000328,"SCIENCE, ENGINEERING AND MANUFACTURING TECHNOLOGIES ALLIANCE",0,0,20442000,21534000
1007102,THE LEMPRIERE PRINGLE TRUST,0,15583929,20225427,4494590
1082216,SAVE CHINA'S TIGERS,0,20185886,20188385,20364425
1121962,CITY OF LONDON ACADEMY ISLINGTON,NA,NA,20174757,8470122
234252,CONGREGATION OF THE BROTHERS OF CHARITY,0,36429,20128966,19764643
1014576,BRITISH REFUGEE COUNCIL,168000,3061000,20103000,18646000
1114633,CHESHIRE PEAKS AND PLAINS HOUSING TRUST LIMITED,0,0,19963000,14848000
1103896,SAFFRON HOUSING TRUST LIMITED,0,0,19962000,15744000
263960,ALLCHURCHES TRUST LIMITED,0,10007000,19954000,8541000
1096479,SHELTERBOX TRUST,79000,19847000,19893000,13026000
312765,SIR ROGER CHOLMELEY'S SCHOOL AT HIGHGATE,0,128261,19840441,17836615
279884,SADLER'S WELLS TRUST LIMITED,0,5180000,19835000,19546000
1107705,THE JEWISH COMMUNITY SECONDARY SCHOOL TRUST,0,2880211,19817792,548899
1123496,CITY SOUTH MANCHESTER HOUSING TRUST LIMITED,0,0,19782000,25610000
219260,BOURNVILLE VILLAGE TRUST,0,0,19711000,15233000
310864,"SIR ANTONY BROWNE'S SCHOOL TRUST, BRENTWOOD",46662,47096,19621681,16809536
1096689,FLOURISH HOMES LIMITED,NA,NA,19619000,19706000
1064758,THE MILL HILL SCHOOL FOUNDATION,0,550000,19537000,19123000
1070856,CRANLEIGH SCHOOL,85000,1640000,19430000,18342000
527578,MALVERN COLLEGE,0,84468,19359849,16080078
1092298,SIR JOHN PORT'S CHARITY,0,382055,19331469,16493103
312714,LATYMER FOUNDATION AT HAMMERSMITH,23405,1382908,19320582,18105966
1105455,INTERNATIONAL HEALTH PARTNERS (UK) LIMITED,0,690161,19267182,19339760
250058,COTTAGE AND RURAL ENTERPRISES LIMITED,0,616573,19259705,19192888
527618,STAMFORD ENDOWED SCHOOLS,145000,160491,19249946,18221477
216032,LEUKAEMIA & LYMPHOMA RESEARCH,6674000,16078000,19135000,21956000
306371,THE INSTITUTE OF DEVELOPMENT STUDIES,0,0,19109000,19345000
525616,WILLIAM JONES'S SCHOOLS FOUNDATION,0,307000,19093000,18600000
293074,THE ROYAL ACADEMY OF ENGINEERING,0,1633062,19084194,17534491
221538,WELSH NATIONAL OPERA LIMITED,22000,1055000,19061000,18613000
306016,THE GUIDE ASSOCIATION,163438,4331254,19039113,21485252
1099776,MALARIA CONSORTIUM,0,260580,19033028,19864363
1075125,OLD FORD HOUSING ASSOCIATION,0,68000,18986000,19852000
702290,CARTREFI CYMRU LIMITED,0,0,18892000,18693000
1122096,WOODARD ACADEMIES TRUST,NA,NA,18882640,17076688
1015243,MEDICAL RESEARCH COUNCIL TECHNOLOGY,0,0,18861000,11881000
700390,CTC KINGSHURST ACADEMY,NA,NA,18837929,11122529
1058499,THE INSTITUTE OF FOOD RESEARCH,0,0,18801000,16416000
1079797,CHARTERED INSTITUTE OF PERSONNEL AND DEVELOPMENT,0,0,18793000,18113000
208944,KING EDWARD VII'S HOSPITAL SISTER AGNES,653748,2007928,18701803,19036663
528961,COVENTRY SCHOOL FOUNDATION,0,454102,18701718,17563748
528413,SHREWSBURY SCHOOL,0,715259,18652992,17751172
1093425,MOSSBOURNE COMMUNITY ACADEMY LIMITED,NA,NA,18639798,11576162
1066916,COASTLINE HOUSING LIMITED,0,0,18620000,17876000
210063,ROYAL BRITISH LEGION INDUSTRIES LTD.,0,0,18587335,18426363
309681,ST EDWARD'S SCHOOL,0,2570234,18583056,15859307
1107328,CLIC SARGENT CANCER CARE FOR CHILDREN,2809079,15662018,18565620,18588722
310013,HAILEYBURY AND IMPERIAL SERVICE COLLEGE,0,283534,18560000,17839000
313392,THE NATIONAL FOUNDATION FOR EDUCATIONAL RESEARCH IN ENGLAND AND WALES,0,14292,18554201,18715676
250037,THE SALFORD DIOCESAN TRUST,438000,12902321,18500151,19973938
1115322,IN TOUCH SUPPORT,0,0,18468000,18239000
1063808,ST LAURENCE EDUCATION TRUST,0,196000,18465000,18481000
1053705,RUSKIN MILL LAND TRUST,0,371851,18464801,17782668
1046769,THE SIGRID RAUSING TRUST,0,18117568,18451795,22280126
1081009,THE ROYAL AIR FORCE BENEVOLENT FUND,7056000,12003000,18372000,27053000
1127015,THE NORTHUMBERLAND CHURCH OF ENGLAND ACADEMY,NA,NA,18327980,18670327
510842,BIRMINGHAM HIPPODROME THEATRE TRUST LIMITED,0,11000,18324000,18430000
311436,"THE LEYS AND SAINT FAITH'S SCHOOLS FOUNDATION,",0,288090,18286364,17088472
1088415,WAKEFIELD GRAMMAR SCHOOL FOUNDATION,0,159536,18255753,17410508
1018963,THE ADOLESCENT AND CHILDREN'S TRUST,0,81504,18232953,18724491
310007,ROYAL ACADEMY OF MUSIC,0,5570712,18222503,17177630
306210,BRYANSTON SCHOOL INCORPORATED,0,312512,18141817,16073392
310638,GIRLS' EDUCATION COMPANY LTD,0,1707279,18139204,15310910
1062636,BREAKTHROUGH BREAST CANCER,342000,11905000,18086000,18865000
312748,"UNIVERSITY COLLEGE SCHOOL, HAMPSTEAD",0,174000,18078000,16904000
1102460,MYTIME ACTIVE,0,0,18077701,17041437
311720,CHELTENHAM COLLEGE,77638,236000,18036000,17474000
269123,PROSPECTS LEARNING FOUNDATION LIMITED,0,0,18007093,7277552
1121325,THE REECE FOUNDATION,0,18000000,18001218,1244577
512907,MAKING SPACE,69280,85774,17957343,17313284
243134,THE CHICHESTER DIOCESAN FUND AND BOARD OF FINANCE (INCORPORATED),0,13525968,17951407,16972560
1102949,AHMADIYYA MUSLIM JAMAAT INTERNATIONAL,0,17941000,17947000,16280000
307071,EASTBOURNE COLLEGE (INCORPORATED),0,311000,17909000,14073000
206186,THE NATIONAL SOCIETY FOR EPILEPSY,465000,1334000,17904000,17901000
1104484,THE HELPING FOUNDATION,0,13225084,17840617,6330933
1050724,THE ASSOCIATION OF ACCOUNTING TECHNICIANS,0,0,17800791,18757790
1107827,THE LICHFIELD DIOCESAN BOARD OF FINANCE (INCORPORATED),0,13946000,17729000,17835000
309268,THE ROYAL COLLEGE OF MUSIC,12000,2497500,17662662,17001412
1122655,THE COLLEGIATE ACADEMY TRUST,NA,NA,17649503,17588995
1079456,EDUSERV,0,0,17642529,18332996
1120673,THE JCB ACADEMY TRUST,NA,NA,17624987,835909
1109786,WORCESTER COMMUNITY HOUSING LIMITED,0,0,17615722,17313524
1074610,TOR HOMES,NA,NA,17607457,16071777
504913,THE LINKAGE COMMUNITY TRUST LIMITED,0,32641,17589180,17499454
1087445,NORTH MUSIC TRUST,0,5151556,17577538,17284611
1017853,ST GEORGE'S COLLEGE WEYBRIDGE,0,103399,17553263,15563021
1011290,FITZROY SUPPORT,0,256489,17535468,17553406
1112915,VICTORY HOUSING TRUST,0,0,17529000,19533000
207316,NIGHTINGALE HOUSE,5177000,8539000,17505000,11318000
1078179,BOSTON MAYFLOWER LIMITED,0,0,17505000,16278000
1079576,THE AVENUES TRUST SUPPORT SERVICES,0,1158,17495018,16800856
1120005,HAMPTON SCHOOL,10000,317717,17490797,15773074
312826,ROYAL ACADEMY OF DANCE,5039,5039,17486076,16537115
1124853,JAMES ALLEN'S GIRLS' SCHOOL,375213,459035,17472531,16985178
228636,THE ROYAL COLLEGE OF PSYCHIATRISTS,0,279000,17446000,15874000
515060,LOCAL SOLUTIONS,0,231294,17429464,17374002
518286,THE WILF WARD FAMILY TRUST,0,398958,17357230,16763242
1071298,ABINGDON SCHOOL,0,129596,17333298,16017776
1087554,THE OXFORDSHIRE CARE PARTNERSHIP,0,0,17326000,17266000
266518,AGA KHAN FOUNDATION (UNITED KINGDOM),0,0,17313244,19104501
231323,RELIGIOUS SISTERS OF CHARITY,3741806,8906114,17288832,13355075
298175,THE TENNIS FOUNDATION,0,16089000,17276000,18022000
284545,THEATRE ROYAL (PLYMOUTH) LIMITED,0,3759000,17264000,17081000
1063732,THE PORTSMOUTH GRAMMAR SCHOOL,0,351968,17262978,15808599
206882,THE INSTITUTION OF MECHANICAL ENGINEERS,544000,544000,17236000,16037000
228248,THE OVERSEAS DEVELOPMENT INSTITUTE,0,0,17145602,16789376
326839,THE HOBSON CHARITY LIMITED,0,16602563,17142248,2335711
306087,PROFESSIONAL FOOTBALLERS ASSOCIATION EDUCATIONAL FUND,0,16298070,17091477,13747204
310870,FELSTED SCHOOL,0,179881,17057059,17977876
1068617,THE ACT FOUNDATION,0,0,17047089,14807311
310018,MERCHANT TAYLORS' EDUCATIONAL TRUST,0,467532,17028649,16010927
1115843,THE NORTH LONDON COLLEGIATE SCHOOL,0,851673,17003350,15225452
1126504,IGEN TRUST,0,0,17001858,16430782
1080999,SHELL FOUNDATION,0,13336219,16985183,10914895
1057971,ALLEYN'S SCHOOL,0,1904000,16968000,16635000
1095197,THE ROYAL MARSDEN CANCER CHARITY,891994,16138450,16960558,17950462
1024806,INTERNATIONAL FUND FOR ANIMAL WELFARE,4094879,15984823,16892039,13742796
312046,THE ROYAL MEDICAL FOUNDATION OF EPSOM COLLEGE,59189,224000,16854000,16009000
1095623,THE CONSERVATOIRE FOR DANCE AND DRAMA,0,12044906,16824553,16943332
1045587,SOUTH ENGLAND CONFERENCE OF SEVENTH DAY ADVENTISTS,6105,15334130,16758515,15870309
1111657,ORTHOPAEDIC RESEARCH UK,0,782,16747562,15478407
288467,DUCHESNE TRUST,0,16324038,16722980,10559527
313343,BOOK TRUST,0,9622,16704026,15167028
1128926,THE DR MORTIMER AND THERESA SACKLER FOUNDATION,0,0,16702859,6874454
1017938,THE CHARTERED INSTITUTE OF PURCHASING AND SUPPLY,0,0,16674836,16315677
226064,FRIENDS OF THE ELDERLY,309863,309863,16643614,16591733
266916,THE SHAKESPEARE GLOBE TRUST,0,2774499,16615116,14390727
292411,CENTREPOINT SOHO,64681,4392000,16598000,16446000
326508,THE BRENDONCARE FOUNDATION,0,370000,16522000,15660000
1081420,TAUNTON SCHOOL EDUCATIONAL CHARITY,0,444400,16514300,15599600
700370,WEST MIDLANDS SPECIAL NEEDS TRANSPORT LIMITED,0,11850000,16467110,16126037
803007,THE CITY LITERARY INSTITUTE,0,8192000,16461000,15982000
1120727,NEW LINE LEARNING,NA,NA,16447000,15781000
1104989,YORKSHIRE COAST HOMES LIMITED,0,0,16419000,19731000
286967,THE HEALTH FOUNDATION,0,0,16416000,29873000
210667,ST CHRISTOPHERS HOSPICE,4016000,7537000,16403000,16126000
1016532,THE NATIONAL DEAF CHILDREN'S SOCIETY,917087,14841891,16375536,14512947
529909,THE MANCHESTER GRAMMAR SCHOOL FOUNDATION,0,2672818,16320158,15162385
526702,CHETHAM'S HOSPITAL SCHOOL AND LIBRARY,137800,1350439,16273330,9492464
294540,THE CONSTANCE TRAVIS CHARITABLE TRUST,0,15504748,16261207,938736
1048771,TRINITY UNIVERSITY COLLEGE,0,7345958,16186819,15491795
230011,THE SOCIETY OF LICENSED VICTUALLERS,0,299301,16180736,16253951
800972,LEIGH ACADEMIES TRUST,NA,NA,16155000,18422000
515755,DEVELOPING INITIATIVES FOR SUPPORT IN THE COMMUNITY LIMITED,0,39109,16105958,15825751
1033192,IMMIGRATION ADVISORY SERVICE,0,3586,16092661,16860114
1015059,DOWNE HOUSE SCHOOL,0,40000,16001002,15221423
220239,"NATIONAL STAR FOUNDATION",0,1683936,15999222,13849087
295981,"NATIONAL CHILDMINDING ASSOCIATION",0,0,15971867,15881276
246871,PORTSMOUTH ROMAN CATHOLIC DIOCESAN TRUST (TRUST PROPERTY),1324931,13247070,15957023,13996102
1126523,GEDLING HOMES,0,550000,15908000,22298000
1123727,THE BASILDON ACADEMIES,NA,NA,15885000,14856000
1069380,THE SAID BUSINESS SCHOOL FOUNDATION,0,15811080,15855672,16378048
1107385,DEPAUL INTERNATIONAL,129000,2625000,15824000,15454000
311780,THE ROYAL AGRICULTURAL COLLEGE,0,126475,15742166,15460599
232391,THE LONDON SYMPHONY ORCHESTRA LIMITED,0,7696000,15735000,15574000
309639,COTHILL EDUCATIONAL TRUST,0,52021,15731483,15820718
234434,THE CONGREGATION OF THE LITTLE SISTERS OF THE POOR - ENGLISH PROVINCE,2491767,3871615,15713208,15937470
1124538,THE ISLE OF SHEPPEY ACADEMY,NA,NA,15711702,14993202
224469,LIVERPOOL PERSONAL SERVICE SOCIETY (INC ),0,651397,15699577,15486699
292058,MILDMAY MISSION HOSPITAL,303000,796000,15698000,14120000
279756,THE DARTINGTON HALL TRUST,0,862000,15607000,16843000
312715,DULWICH COLLEGE PREPARATORY SCHOOL TRUST,24206,15116992,15606545,14942488
307332,BEDALES SCHOOL,0,38513,15604828,14685644
307854,BENENDEN SCHOOL (KENT) LIMITED,0,0,15604783,14158907
206504,THE INTERNATIONAL INSTITUTE FOR STRATEGIC STUDIES,0,5608688,15511156,12052059
306315,CANFORD SCHOOL LIMITED,0,274467,15477016,13445339
206219,THE ROYAL SOCIETY OF MEDICINE,180000,954000,15438000,14719000
1086829,DEAN CLOSE SCHOOL,0,42956,15379886,13617467
517149,OPPORTUNITY HOUSING TRUST,0,0,15362454,15672050
294832,WALSINGHAM,24000,32472,15362082,14891051
1105630,THE THOMAS DEACON ACADEMY,NA,NA,15338000,16563000
1118995,SCHOOL FOOD TRUST,0,0,15257000,14129000
1104723,TWO RIVERS HOUSING,0,0,15256000,19068000
1097482,CATHOLIC TRUST FOR ENGLAND AND WALES,0,12900936,15196599,14969220
1048066,HINXTON HALL LIMITED,0,1519000,15180000,15094000
211234,THE PAPWORTH TRUST,0,1582000,15173000,15141000
1063906,THE NORTHERN ROCK FOUNDATION,0,15000000,15173000,13443000
312028,KING EDWARD VI'S GRAMMAR SCHOOL (THE ROYAL GRAMMAR SCHOOL) GUILDFORD,0,255423,15136038,13883084
515943,THE PERCY HEDLEY FOUNDATION,53809,530533,15112028,15209315
1015324,SKILLSET SECTOR SKILLS COUNCIL,0,2588000,15106495,14684925
285627,OXFORD ARCHAEOLOGY LIMITED,0,0,15093093,16229199
1115638,DAUNTSEY'S SCHOOL,0,53126,15074105,13902740
1107691,EAST END HOMES LIMITED,0,0,15002000,12040000
1045672,EMERGE POVERTY FREE (WORLD EMERGENCY RELIEF),269747,14779193,14934493,14759356
309676,DRAGON SCHOOL TRUST LIMITED,0,495000,14892000,14282000
1076498,HURSTPIERPOINT COLLEGE LIMITED,0,59079,14864451,13868347
306153,AQUATERRA LEISURE,0,0,14821000,15142000
248887,THE ST ALBANS DIOCESAN BOARD OF FINANCE,0,10896259,14806903,14231646
227931,POOR SERVANTS OF THE MOTHER OF GOD,79843,1146916,14661283,12155755
527276,BISHOP GROSSETESTE UNIVERSITY COLLEGE LINCOLN,0,123063,14647438,13376295
248968,THE CHESTER DIOCESAN BOARD OF FINANCE,0,10503000,14538000,14068000
1120654,THE PERSE SCHOOL,100000,462000,14511000,11757000
1028260,NORTH EAST AUTISM SOCIETY,0,20296,14500681,13498253
1122527,WREN ACADEMY,NA,NA,14468991,4528139
1100277,RUGBY FOOTBALL FOUNDATION,0,14369821,14371594,14118110
297107,IFS SCHOOL OF FINANCE,0,0,14339000,14573000
313364,FIELD STUDIES COUNCIL,2000,1254785,14295162,13848991
800066,INTERNATIONAL INSTITUTE FOR ENVIRONMENT AND DEVELOPMENT,0,6326,14289650,19234074
1060078,UNITED JEWISH ISRAEL APPEAL,302000,13666000,14278000,16200000
230102,THE HENRY SMITH CHARITY,0,0,14264000,35421000
1076356,THE LEPROSY MISSION INTERNATIONAL,0,14173181,14258946,14179947
309678,HEADINGTON SCHOOL OXFORD LIMITED,0,82962,14249997,13318266
1068298,KEEPING KIDS COMPANY,150000,8092712,14232306,14167585
506120,LEICESTERSHIRE & RUTLAND ORGANISATION FOR THE RELIEF OF SUFFERING LIMITED,5556177,7709001,14229105,9381524
1112196,TEIGN HOUSING,0,0,14191737,13349869
1076456,ARDINGLY COLLEGE LIMITED,0,12839,14135372,13746459
1126980,THE KING'S FUND,6000,6000,14093913,17280583
1098294,TEACH FIRST,0,4994998,14039151,12608465
1109508,CATERHAM SCHOOL LIMITED,0,0,14037000,13438000
296694,EQUINOX CARE,0,275873,13966610,14058700
525775,"NATIONAL LIBRARY OF WALES",0,0,13927000,13410000
801395,THE NATIONAL CHILDBIRTH TRUST,0,747000,13897000,14374000
1015648,THE ANDREW LLOYD WEBBER FOUNDATION,0,624,13892064,306312
1121955,CONNEXIONS STAFFORDSHIRE LIMITED,0,0,13844891,13412199
249798,THE EXETER DIOCESAN BOARD OF FINANCE,313256,10782563,13839783,12703221
1098236,THE KING'S SCHOOL WORCESTER,0,164955,13829632,12916250
312677,"FOREST SCHOOL, ESSEX",0,79320,13801670,13669915
1076483,LANCING COLLEGE LIMITED,101003,213256,13698457,13255508
327354,THE NATIONAL COACHING FOUNDATION,0,6514076,13678421,12677947
1125485,THE MERCHANT TAYLORS' SCHOOLS CROSBY,185668,185668,13668987,13362832
1082947,CRISIS UK,436000,12252000,13638000,14675000
1120522,THE SOUTH STREET GREEN ROOM FOUNDATION,0,13623429,13623433,27961
1105500,GRESHAM'S SCHOOL,0,8982,13609411,13176596
214005,ENGLISH NATIONAL BALLET,0,7703420,13605716,13245640
1095322,ABSOLUTE RETURN FOR KIDS (ARK),0,10492000,13593000,12932000
1081898,REIGATE GRAMMAR SCHOOL,0,155328,13568009,13297492
251983,THE GUY'S & ST THOMAS' CHARITY AND OTHER RELATED CHARITIES,413000,2260000,13544000,21282000
1085760,THE BROOKE HOSPITAL FOR ANIMALS,5162155,13098733,13482706,13123806
311083,THE ARCHITECTURAL ASSOCIATION (INCORPORATED),1218017,1435563,13457910,12631423
212563,BARTS AND THE LONDON CHARITY AND RELATED CHARITIES,540000,2563000,13446000,10788000
235686,HEXHAM AND NEWCASTLE DIOCESAN TRUST (1947),831672,8805918,13429445,12624265
311057,THE INCORPORATED BISHOP'S STORTFORD COLLEGE ASSOCIATION,0,205871,13405922,13130310
290350,CHARTERED INSTITUTE OF ENVIRONMENTAL HEALTH,0,0,13381000,13386000
511149,CHATSWORTH HOUSE TRUST,0,5035389,13377313,11549746
1081182,SPURGEONS,254000,840000,13373000,15958000
1060478,GREENSLEEVES HOMES TRUST,0,66673,13359059,12770371
1052679,IN KIND DIRECT,0,402720,13350064,13458337
1111423,BROMSGROVE DISTRICT HOUSING TRUST LIMITED,0,0,13309000,11848000
1101485,WELLINGBOROUGH SCHOOL,0,54998,13288344,13558465
244976,THE YORK DIOCESAN BOARD OF FINANCE LIMITED,0,10268000,13237000,12738000
227848,SOCIETY OF THE SACRED HEART,139051,11555079,13223501,2408332
527180,TRENT COLLEGE LIMITED,0,48747,13211631,14349878
701770,TRAINING 2000 LIMITED,0,0,13207613,12742073
526622,BURY GRAMMAR SCHOOLS CHARITY,4889,351000,13205000,12743000
1053142,EAST POTENTIAL,0,1553602,13195179,13195346
232759,THE BRITISH AND FOREIGN BIBLE SOCIETY,2564000,9185000,13195000,13118000
1070858,ST CATHERINE'S SCHOOL BRAMLEY,0,497503,13193643,11277240
1110286,NEW HALL SCHOOL TRUST,0,8368,13143480,12496059
515517,FOUNDATION,0,79000,13129000,13372000
274605,FARMLAND RESERVE UK LIMITED,0,2956000,13115000,8266000
1078394,TOWER HAMLETS COMMUNITY HOUSING LIMITED,0,0,13098000,10209000
802427,"THE KING'S SCHOOL, ELY",0,5379,13079549,12640014
291489,THE YOU TRUST,0,8134,13074767,12824823
210119,THE ROYAL STAR & GARTER HOMES,5731000,7536000,13056000,11156000
290544,INSTITUTE OF OUR LADY OF MERCY,48000,183264,13032370,17652125
1105056,MUSLIM HANDS,0,12967720,12981161,12394737
1119613,ST PAUL'S GIRLS' SCHOOL,0,1188000,12950000,11722000
312762,"ST HELEN'S SCHOOL, NORTHWOOD",0,34000,12927000,12407000
312745,THE FRANCIS HOLLAND (CHURCH OF ENGLAND) SCHOOLS TRUST,0,86096,12912031,11317421
294555,HESTIA HOUSING AND SUPPORT,0,109406,12908730,12578189
1094132,DJANOGLY LEARNING TRUST,NA,NA,12903000,13182000
292824,KCA(UK),0,0,12899000,12950000
259140,NORTHERN BALLET THEATRE LIMITED,0,10190024,12835442,5965236
1011102,FAUNA & FLORA INTERNATIONAL,140381,5832691,12811270,14153660
313013,THE MARINE SOCIETY AND SEA CADETS,91141,1739283,12791865,11886905
249276,WINCHESTER DIOCESAN BOARD OF FINANCE,0,10954000,12790000,12284000
229662,THE ORDER OF ST. AUGUSTINE OF THE MERCY OF JESUS,6000,132122,12786560,12183640
1120755,CXK LIMITED,0,0,12783157,15862974
1074516,WORTHING HOMES LIMITED,0,0,12777000,11627000
213280,ROYAL COLLEGE OF OBSTETRICIANS AND GYNAECOLOGISTS,10000,269360,12774205,10834224
264873,THE ULVERSCROFT FOUNDATION,0,104982,12761392,11981025
1061012,BIRMINGHAM ROYAL BALLET,40202,9749317,12753225,12601554
1114424,THE NEWCASTLE UPON TYNE ROYAL GRAMMAR SCHOOL,0,704386,12740583,11476350
1099506,MONEY ADVICE TRUST,0,0,12720594,10523340
1088030,KING EDWARD VI SCHOOL SOUTHAMPTON,0,158212,12711073,12136199
1001704,ENABLE CARE & HOME SUPPORT LIMITED,0,0,12696170,12502666
312819,THE ROYAL ACADEMY OF DRAMATIC ART,6306000,7078000,12695000,6486000
1127209,THE JOHN TOWNSEND TRUST,87605,485855,12674058,11940622
257318,SHEFFIELD THEATRES TRUST,0,6516195,12656203,9301247
1128090,THE OUTWARD BOUND TRUST,0,3447871,12632053,13500492
1093166,REPTON SCHOOL,0,0,12609554,12616027
240833,THE SALISBURY DIOCESAN BOARD OF FINANCE,0,10332000,12601000,10513000
1127049,HEALTHCARE QUALITY IMPROVEMENT PARTNERSHIP,0,187500,12600834,11885974
1043985,THE UNIVERSAL CHURCH OF THE KINGDOM OF GOD,0,11498379,12598927,7572080
251051,QUEEN ELIZABETH'S FOUNDATION FOR DISABLED PEOPLE,1056000,1831000,12588000,12715000
310212,WELLS CATHEDRAL SCHOOL LIMITED,0,1397000,12586000,10971000
206002,EX-SERVICES MENTAL WELFARE SOCIETY,1169868,7113803,12545371,10406148
281242,PRIOR PARK EDUCATIONAL TRUST,0,55627,12522775,11900103
249424,MANCHESTER DIOCESAN BOARD OF FINANCE,0,10143000,12464000,13696000
255913,THE ROYAL SCHOOL FOR THE BLIND,153364,1114240,12440422,12317540
1076579,PETER HARRISON FOUNDATION,0,718500,12416831,3216325
1063740,MERCHANT TAYLORS SCHOOL,0,421712,12410021,11794494
1053937,PERFORMANCES BIRMINGHAM LIMITED,0,87000,12408000,11927000
249359,SOUTHWELL AND NOTTINGHAM DIOCESAN BOARD OF FINANCE,0,7004000,12405000,9525000
1123122,LONDON TRANSPORT MUSEUM LIMITED,0,6305000,12405000,11301000
273425,BOCHASANWASI SHRI AKSHAR PURUSHOTTAM SWAMINARAYAN SANSTHA,0,7687095,12401285,9199041
1091035,CHARTERED MANAGEMENT INSTITUTE,0,0,12376000,13681000
1076822,SAVE THE CHILDREN INTERNATIONAL,0,126882,12372859,9630354
1051681,AMNESTY INTERNATIONAL UK SECTION CHARITABLE TRUST,2571000,10424000,12357000,13266000
1049751,THE CHRISTIE CHARITABLE FUND,5127000,12084000,12333000,14989000
272465,CONCERN UNIVERSAL,0,920321,12316857,10499026
529113,THE FREE GRAMMAR SCHOOL OF KING CHARLES II AT BRADFORD,0,1000697,12291581,10603815
299509,THE NATIONAL GALLERY TRUST,0,4989316,12288235,6620402
1068204,MANCHESTER SPORT AND LEISURE TRUST,0,5656737,12253488,12137592
1062746,THE QUALITY ASSURANCE AGENCY FOR HIGHER EDUCATION,0,0,12246807,11892558
1080820,CARE PARTNERS TRUST,0,0,12243289,9882968
1109650,COLFE'S SCHOOL,0,135000,12238000,11963000
211235,ENHAM,10000,553973,12233942,12461918
1130254,THE LADY ELEANOR HOLLES SCHOOL,0,79148,12227216,11844777
210729,THE ROYAL UNITED KINGDOM BENEFICENT ASSOCIATION,1776000,2437000,12204000,10268000
206394,BATTERSEA DOGS' AND CATS' HOME,8574972,9500813,12167660,14846541
225910,JNF CHARITABLE TRUST,2487000,5068000,12157000,12337000
211645,ABF THE SOLDIERS' CHARITY,3481010,9018184,12144648,8962836
1046763,PERTHYN,0,0,12117857,12040529
312930,INCORPORATED FROEBEL EDUCATIONAL INSTITUTE,0,6000,12099579,9591384
1093902,THE CITY ACADEMY BRISTOL,NA,NA,12092000,12566000
1105922,FOLKESTONE ACADEMY,NA,NA,12089000,12851000
1110964,THE SECKFORD FOUNDATION,0,21199,12088801,12722027
249355,THE LINCOLN DIOCESAN TRUST AND BOARD OF FINANCE LTD,0,7764000,12088000,12827000
271907,RUSSELL SCHOOL TRUST,0,0,12086581,10746430
250569,THE PETERBOROUGH DIOCESAN BOARD OF FINANCE,212280,6152990,12086191,11619727
244067,THE CHARTERED INSTITUTE OF HOUSING,0,0,12086000,12470000
1120199,STOCKPORT GRAMMAR SCHOOL,0,10506904,12076509,11412346
1001586,UK SKILLS,0,0,12066527,13060531
700859,ACORNS CHILDREN'S HOSPICE TRUST,1150000,4808000,12048000,11211000
1089826,THE RETREAT YORK,65000,191454,12040825,9349376
1098520,GOODWIN DEVELOPMENT TRUST LIMITED,0,4254000,12036000,11932000
287779,THE SINGLE HOMELESS PROJECT,0,0,12032851,11496398
1093913,WORTH ABBEY,0,1044572,12014666,10539156
287232,THE SACRED HEARTS SISTERS 1983 CHARITABLE FUND,46400,2985849,11998261,10660936
312008,THE LONDON ORPHAN ASYLUM (REED'S SCHOOL),0,703948,11952847,11416337
1105069,OPEN SOCIETY FOUNDATION,0,11917294,11938651,12217731
1106852,INSPIRIT CARE LIMITED,0,0,11924000,14992000
1050146,THE PONY CLUB,160597,160597,11919540,11740713
249398,THE BATH AND WELLS DIOCESAN BOARD OF FINANCE,155000,9463000,11915000,13613000
1057611,THE ALDENHAM SCHOOL CHARITY,2000,73632,11906979,10500274
310493,IPSWICH SCHOOL,0,55323,11905295,11322012
1042125,BIRDLIFE INTERNATIONAL,98863,1582902,11897821,11386120
256789,ST. BARNABAS HOSPICES (SUSSEX) LTD,4228988,6956215,11896327,9044936
1120949,DAVENTRY & DISTRICT HOUSING LIMITED,0,25000,11869000,17027000
527552,SUNFIELD CHILDREN'S HOMES LIMITED,0,315230,11847426,11010008
206862,THE SOIL ASSOCIATION LIMITED,269210,1916315,11843072,12118897
293072,THE OXFORD CENTRE FOR  ISLAMIC STUDIES,0,10585756,11839874,2477886
311714,WYCLIFFE COLLEGE (INCORPORATED),0,98662,11832600,11153355
311073,ST EDMUND'S COLLEGE,0,56801,11828449,11186685
1121105,GROUNDWORK LONDON,0,0,11821456,11439769
311280,"KING EDWARD THE SIXTH GRAMMAR SCHOOL, NORWICH",0,215529,11783928,11542148
299081,AHMADIYYA MUSLIM ASSOCIATION UNITED KINGDOM,0,11778905,11779188,9325468
309148,KINGSWOOD SCHOOL,775000,845276,11754169,10651029
1104251,NOTTINGHAM HIGH SCHOOL,0,230126,11748339,11875649
1001390,THE TTE TECHNICAL TRAINING GROUP,0,0,11747442,14188368
210066,INTERNATIONAL FOUNDATION FOR AIDS TO NAVIGATION,0,0,11742831,9536100
309115,THE ABBEY SCHOOL,0,39696,11735680,11400367
243312,THE LANDMARK TRUST,487000,3190000,11734000,10189000
1037868,EDUCATION AND SERVICES FOR PEOPLE WITH AUTISM LIMITED,0,99876,11731336,10976443
1114748,THE SMILE TRAIN UK,0,11715415,11715599,12457375
1017706,GROUNDWORK NORTH EAST,0,771799,11709527,11092413
294354,MOTOR NEURONE DISEASE ASSOCIATION,3147639,10240704,11690093,13744417
242715,THE TRUST OF ST BENEDICT'S ABBEY EALING,6855,747852,11686787,11210441
309112,THE ORATORY SCHOOLS ASSOCIATION,0,0,11679859,11439473
1057185,MONKTON COMBE SCHOOL,0,670799,11662090,11658187
1034808,NCFE,0,0,11658196,9537674
262259,THEATRE ROYAL (NORWICH) TRUST LIMITED,0,298695,11642457,11586374
1064230,NIAB,0,774000,11626000,10788000
297877,BEN - MOTOR AND ALLIED TRADES BENEVOLENT FUND,42730,3976959,11596896,11151674
1070227,PRIORS COURT FOUNDATION,0,557518,11574117,11722257
1114383,ALBERT MEMORIAL COLLEGE,18096,18096,11549874,11551893
1125376,WOLDINGHAM SCHOOL,0,57000,11514123,11390662
294085,"ST. CLARE'S, OXFORD",0,1000,11510000,10522000
1062559,TEENAGE CANCER TRUST,0,7623405,11508088,12963862
1104425,BRISTOL GRAMMAR SCHOOL,0,789451,11498387,11459901
800529,OUTWARD HOUSING,0,300,11483871,11112376
312699,GODOLPHIN AND LATYMER SCHOOL,0,712345,11459875,10662915
1005541,THE PROSTATE CANCER CHARITY,653000,11271000,11441000,9072000
1098586,KIMBOLTON SCHOOL,0,22517,11434289,10435374
248245,GUILDFORD DIOCESAN BOARD OF FINANCE,2000,10017000,11402000,11364000
1092655,SEASHELL TRUST,41000,321000,11381000,10559000
517954,NOTTINGHAM REGIONAL SOCIETY FOR ADULTS AND CHILDREN WITH AUTISM,0,185394,11367537,11738242
249339,THE ROCHESTER DIOCESAN SOCIETY AND BOARD OF FINANCE,0,9904722,11366246,11567122
247647,THE BLACKBURN DIOCESAN BOARD OF FINANCE LIMITED,0,8790000,11356000,10240000
1077017,CHEADLE HULME SCHOOL,0,51000,11347000,10337000
206807,FAIRBRIDGE,113216,3730804,11343397,11463013
1103346,WOODARD SCHOOLS TAUNTON LIMITED,0,466431,11343198,10823737
1088438,BEXLEY BUSINESS ACADEMY LIMITED,NA,NA,11322208,13010367
1038483,SISTERS OF THE CROSS AND PASSION,135000,3037000,11321620,12982776
1120644,ROYAL GRAMMAR SCHOOL WORCESTER,0,0,11315000,10634000
209642,ANIMAL HEALTH TRUST,1708747,2741935,11310370,11782873
1086162,THE SANDWELL COMMUNITY CARING TRUST,0,0,11308790,10688884
269177,ST PETER'S HOSPICE,1695000,2988000,11293000,11667000
1079552,COLSTON'S COLLEGIATE SCHOOL,3703298,3880475,11287203,7860188
1018517,COMMUNITY LINKS TRUST LIMITED,0,0,11286661,10243420
700599,MACMILLAN ACADEMY,NA,NA,11265000,11361000
1059195,THE SALISBURY DIOCESAN BOARD OF EDUCATION,0,0,11263464,11650320
1093653,HERTSMERE LEISURE,0,0,11260851,11169610
291834,UNITED TALMUDICAL ASSOCIATES LTD,0,11250154,11250269,10934791
1102927,PAUL HAMLYN FOUNDATION,252000,252000,11239000,23396000
1059247,CHRIST EMBASSY,0,10549463,11190000,6910000
266220,THE THALIDOMIDE TRUST,0,7408041,11173358,12102370
1127633,BRITAIN YEARLY MEETING OF THE RELIGIOUS SOCIETY OF FRIENDS (QUAKERS),3971000,6939000,11155000,8592000
1133094,THE UNIVERSITY OF CHESTER CHURCH OF ENGLAND ACADEMY ELLESMERE PORT,NA,NA,11151097,11367807
1112540,ENGLAND AND WALES CRICKET TRUST,0,10933587,11150928,12646814
298405,CHILDREN WITH CANCER UK,611212,10346906,11144520,7762276
290286,ST MARY'S SCHOOL ASCOT,0,226800,11131900,9907900
1071997,"KING'S SCHOOL, BRUTON",0,116906,11129469,10444643
1079020,SOUTHAMPTON ROW TRUST LIMITED,0,10853000,11118000,7862000
299758,BREAST CANCER CAMPAIGN,404448,2906500,11117279,12582589
1017658,BREAST CANCER CARE,0,6591000,11093000,12681000
1068532,BANCROFT'S SCHOOL,0,225600,11066593,10563208
276784,THE ROYAL MASONIC SCHOOL FOR GIRLS,0,0,11055943,10924917
1080672,SEDBERGH SCHOOL,0,601812,11046545,9911170
1092932,ST ALBANS SCHOOL,0,134811,11036018,10416823
1091226,KIRKLEES ACTIVE LEISURE,0,0,11030145,10833796
311065,ST ALBANS HIGH SCHOOL FOR GIRLS,0,0,11018589,9790753
1078461,KINGSTON GRAMMAR SCHOOL,99240,281000,11018000,10101000
1061582,CRANSTOUN,0,13000,11015000,11078000
1007878,WIRRAL AUTISTIC SOCIETY,130000,632619,11002331,10412499
1031602,WESTMINSTER DRUG PROJECT,0,0,10952780,10274495
1043886,THE FAIRTRADE FOUNDATION,0,2450000,10933000,11386000
208745,DERWEN COLLEGE,6393,185606,10924041,10344064
307063,ROEDEAN SCHOOL,0,37157,10915363,10626345
1091759,BARNET CITY ACADEMY,NA,NA,10898567,11666934
307335,ST SWITHUN'S SCHOOL (WINCHESTER),0,442948,10897873,9326909
1127397,THE JOHN BOOTH CHARITABLE FOUNDATION,0,10743730,10866934,873800
307427,SHERBORNE SCHOOL FOR GIRLS,0,0,10861756,10587061
306975,CHRIST'S HOSPITAL FOUNDATION,722877,1861790,10831024,19508935
1094171,THE WEST LONDON ACADEMY,NA,NA,10822841,11560398
249318,THE NORWICH DIOCESAN BOARD OF FINANCE LIMITED,8000,8201000,10799000,10912000
1017247,POSITIVE STEPS OLDHAM,0,0,10786027,10405490
1029161,CAMFED INTERNATIONAL,0,10691533,10782227,10435601
1118542,THE FEDERATION OF MUSIC SERVICES,0,13000,10779163,9530641
510809,LEICESTER GRAMMAR SCHOOL TRUST,0,38033,10772306,11053572
1104833,COSMOPOLITAN STUDENT HOMES LIMITED,0,0,10749853,10305357
1091222,PLYMOUTH MARINE LABORATORY,0,0,10742237,10508743
1103623,NORTH LIVERPOOL ACADEMY LIMITED,NA,NA,10728000,10532000
1050537,CHARITIES ADMINISTERED IN CONNECTION WITH THE ROYAL MARSDEN HOSPITAL NHS TRUST,6658000,9071000,10685000,5600000
229642,THE BRITISH PSYCHOLOGICAL SOCIETY,0,0,10670000,9833000
1113016,THE PARGITER TRUST,0,10667518,10667706,7627
514829,MENTAL HEALTH MATTERS,0,43853,10646216,10312170
1081249,BLUNDELL'S SCHOOL,0,73000,10623000,10458000
1044658,GUILD CARE,128444,191767,10618378,10619534
200051,ESMEE FAIRBAIRN FOUNDATION,0,0,10606000,32027000
803497,PROSPECT EDUCATION (TECHNOLOGY) TRUST LIMITED,NA,NA,10596142,10154040
306576,TRURO SCHOOL,0,23000,10579000,10101000
274403,BROADWAY HOMELESSNESS AND SUPPORT,0,306232,10573644,10711561
1127431,THE NATIONAL SKILLS ACADEMY FOR SPORT AND ACTIVE LEISURE,0,1328055,10564143,9970493
1026475,DEVON AND CORNWALL AUTISTIC COMMUNITY TRUST,0,153207,10558873,9771126
238045,LONDON PHILHARMONIC ORCHESTRA LIMITED,0,4149633,10557977,10100460
313219,THE CERTIFIED ACCOUNTANTS EDUCATIONAL TRUST,0,4575000,10553000,10556000
269433,THE VERNON EDUCATIONAL TRUST LIMITED,0,20017,10545601,9208857
306214,CLAYESMORE SCHOOL,0,0,10527000,9940322
1010187,SOUTHSIDE PARTNERSHIP,0,0,10486107,10587366
230538,THE ROYAL LIVERPOOL PHILHARMONIC SOCIETY,119000,4777000,10482000,10506000
1084958,DEBRA,51295,2331212,10435462,9689070
1093849,CITY OF LONDON ACADEMY (SOUTHWARK) LIMITED,NA,NA,10421123,11208832
1060571,PROSPECTS FOR PEOPLE WITH LEARNING DISABILITIES,65976,426289,10405941,10516321
1071097,GOLDEN LANE HOUSING LTD,0,222306,10403011,6336151
229771,UNIVERSITY COLLEGE LONDON HOSPITALS CHARITIES,351000,5461000,10391000,11066000
225922,THE NATIONAL COUNCIL FOR VOLUNTARY ORGANISATIONS,0,7526000,10355000,10470000
307320,"CHURCHER'S COLLEGE, PETERSFIELD",0,0,10344024,9816968
272099,DESIGN COUNCIL,0,6115000,10343000,10089000
234092,BRENTWOOD ROMAN CATHOLIC DIOCESAN TRUST,155746,7930194,10327561,10130748
1064598,MISSION AVIATION FELLOWSHIP UK LIMITED,1425000,10301000,10316000,9361000
294745,THE MAYFLOWER THEATRE TRUST,0,26030,10312392,10391100
1131886,STROOD ACADEMY,NA,NA,10310000,9409000
1093914,WORTH SCHOOL,0,0,10308340,10315924
1127255,THE PRINCE OF WALES'S CHARITABLE FOUNDATION,0,4730386,10297720,12689207
1071737,KEEP BRITAIN TIDY,0,6244929,10294218,10593899
226686,THE ROYAL AIR FORCES ASSOCIATION - CORPORATE BODY,3684019,5890072,10292416,8389631
1105580,THE TUDOR TRUST,0,0,10290000,19317000
803396,BACON'S COLLEGE,NA,NA,10284810,10697181
277424,REFUGE,2500,1670023,10284785,10464877
1094467,CONSERVATION EDUCATION & RESEARCH TRUST,0,165559,10270010,7113522
309482,ST MARY'S SCHOOL (CALNE),0,91791,10268514,9513905
1113900,EXCELSIOR ACADEMY NEWCASTLE,NA,NA,10266379,11228570
295785,MAGDALEN COLLEGE SCHOOL OXFORD LIMITED,0,223035,10253319,9001508
251211,THE BRITISH PROVINCE OF THE UNITAS FRATRUM (MORAVIAN CHURCH),0,1448124,10248297,9919856
251234,THE GLOUCESTER DIOCESAN BOARD OF FINANCE,0,6119000,10242000,10101000
1003314,CHILDREN'S HOSPICE SOUTH WEST,3241868,7670003,10233929,7130185
249740,THE LIVERPOOL DIOCESAN BOARD OF FINANCE,0,9271807,10226849,11193444
218084,THE CHESHIRE RESIDENTIAL HOMES TRUST,8520120,8522489,10225999,1714265
250277,PHILHARMONIA LTD,15000,3745212,10217764,10207709
1044940,SHEFFIELD FUTURES,0,0,10207104,10666701
1072590,THE OLD VIC THEATRE TRUST 2000,0,2820077,10205830,10401293
272050,THE LORD WANDSWORTH COLLEGE CHARITY,0,3500,10203374,9462418
1057744,ROYAL COLLEGE OF PAEDIATRICS AND CHILD HEALTH,0,106675,10195000,10334441
311060,QUEENSWOOD SCHOOL LIMITED,0,228278,10190137,10051087
1102431,SANDWELL LEISURE TRUST,0,0,10182471,10041641
1103669,THE GURKHA WELFARE TRUST,1901000,6481000,10181000,10654000
703002,DRIVE,0,4447,10178767,9969595
1121344,PETER LANG CHILDREN'S TRUST,0,1001,10173930,10486970
1092935,BARNABAS FUND,0,10007985,10162549,9656404
1068484,FORTUNEGATE COMMUNITY HOUSING,NA,NA,10138000,8570000
1120597,SOLIHULL SCHOOL,0,0,10133104,9081149
232632,THE PROVINCE OF GREAT BRITAIN OF THE INSTITUTE OF THE BROTHERS OF THE CHRISTIAN SCHOOLS (THE DE LA SALLE BROTHERS),0,1048099,10123802,9551188
326279,THE BELL CONCORD EDUCATIONAL TRUST LTD,0,0,10121981,9158742
249403,THE BIRMINGHAM DIOCESAN BOARD OF FINANCE,0,7515000,10096000,9888000
1058438,ELTHAM COLLEGE,0,199390,10068500,10028869
296375,ARP CHARITABLE SERVICES,0,10800,10066000,10238200
1043129,HOLLYBANK TRUST,0,173592,10061357,9745293
254543,THE CORPORATION OF THE HALL OF ARTS AND SCIENCES,0,161000,10053000,9721000
209174,"NATIONAL ART COLLECTIONS FUND",1967000,5035000,10036000,12198000
1012788,WCS CARE GROUP LIMITED,0,0,10031000,9841000
293968,PILGRIMS HOSPICES IN EAST KENT,2652000,3767000,10022000,9702000
209259,THE VARIETY CLUB CHILDREN'S CHARITY,229832,6881467,10003594,9488594
1088552,CHICHESTER FESTIVAL THEATRE,0,2391394,9988080,9749915
1039457,"PROJECT HOPE, UNITED KINGDOM",0,9520212,9987966,10146076
214339,PORTLAND COLLEGE,15000,230696,9959681,9289586
249404,LEEDS DIOCESAN TRUST,254000,6907000,9955000,10793000
1111804,ACTIVE LUTON,0,4935302,9939839,9659093
310268,WELLINGTON SCHOOL,1274851,1274851,9936982,9370898
309144,LEIGHTON PARK TRUST,0,9529219,9933083,9482095
288285,4CHILDREN,0,110256,9926803,9769816
327553,INTERNATIONAL ALERT,0,1774000,9902000,11694000
254140,THE ABBEYFIELD KENT SOCIETY,0,74964,9869048,10131631
295072,VITALISE,344000,1630000,9860000,10669000
1120355,HILLSONG CHURCH LONDON,0,8178180,9852719,9077685
234064,NOTTINGHAM ROMAN CATHOLIC DIOCESAN TRUST,NA,NA,9852000,9350000
529834,THE POCKLINGTON SCHOOL FOUNDATION,0,133299,9832567,9320330
284967,MISSION CARE,8492,60214,9828230,10460663
244708,ROYAL AIR FORCE MUSEUM,49000,7702783,9816684,11473354
1093434,YARM SCHOOL,0,8880000,9813000,8287000
310486,CULFORD SCHOOL,0,218952,9809746,9458150
311740,ST CHRISTOPHER'S SCHOOL (BRISTOL),0,39621,9806138,9701681
1066806,MARINE STEWARDSHIP COUNCIL,0,5633166,9804555,6999335
1127725,THE BURTON FAMILY CHARITABLE TRUST,0,9711539,9802685,2516424
529205,WOODHOUSE GROVE SCHOOL,0,19160,9794331,9156158
506276,CITY OF BIRMINGHAM SYMPHONY ORCHESTRA,0,4648677,9780684,9565395
1089438,THE CAPITAL CITY ACADEMY TRUST,NA,NA,9779646,9897429
1103472,DAVID YOUNG COMMUNITY ACADEMY,NA,NA,9776000,8085000
234025,SHREWSBURY ROMAN CATHOLIC DIOCESAN TRUST,267908,7921104,9768526,12643206
293232,CHRISTIAN ALLIANCE HOUSING ASSOCIATION LIMITED,0,9764000,9764000,9530000
283660,REFUGEE ACTION,0,1058000,9752000,9262000
1081809,COLLEGE OF LAW SERVICES LIMITED,0,0,9751000,10705000
1010930,PRINCESS ALICE HOSPICE,2036771,5130691,9723777,10091905
255460,LEEDS THEATRE TRUST LIMITED,0,653218,9716250,9413555
249972,CANTERBURY DIOCESAN BOARD OF FINANCE,0,272751,9698785,9649420
1103326,WOODARD SCHOOLS (NOTTINGHAMSHIRE) LIMITED,4247,33819,9676056,9112010
328378,TELFORD CITY TECHNOLOGY COLLEGE TRUST LIMITED,NA,NA,9674364,8923680
1096790,THE INSTITUTION OF OCCUPATIONAL SAFETY AND HEALTH,0,0,9648000,9132000
207823,THE ROYAL SOCIETY FOR THE PREVENTION OF ACCIDENTS,0,0,9638755,10477457
1058056,THE SCIENCE ENGINEERING TECHNOLOGY MATHEMATICS NETWORK,0,770300,9626477,8526242
311270,LANGLEY SCHOOL,104220,104220,9608833,7373456
306130,COMMUNITY DEVELOPMENT FOUNDATION,NA,NA,9605071,13947506
1113729,THOMAS POCKLINGTON TRUST LIMITED,0,425000,9598000,8912000
1063717,AUTISM ANGLIA,0,147000,9583000,9368000
1074648,OPTIMA COMMUNITY ASSOCIATION,0,0,9548000,10325000
236803,THE DAUGHTERS OF CHARITY OF ST VINCENT DE PAUL,13652,2554942,9539419,10018286
1102114,KINGSWAY INTERNATIONAL CHRISTIAN CENTRE,0,7697053,9478508,10100781
291824,TWIN,0,0,9465518,9444955
258085,ST ANN'S HOSPICE,1703226,3654403,9449489,10234032
1097271,BRITISH SAFETY COUNCIL,0,0,9448153,11103998
1008196,OPERATION MOBILISATION,164392,8978377,9445370,9501486
1001127,UNIVERSITIES UK,0,805368,9439140,8495963
1000851,AMANAT CHARITY TRUST,0,0,9436419,6468151
248226,THE INSTITUTE OF LEADERSHIP AND MANAGEMENT,0,0,9431149,8225064
255424,ROYAL EXCHANGE THEATRE COMPANY LIMITED,0,4133000,9430000,10696000
1102759,TOMORROW'S PEOPLE TRUST LIMITED,0,1640296,9426136,8022812
312064,THE SAINT JOHN'S FOUNDATION SCHOOL,30000,410706,9421216,8040166
297540,THE VIRGIN FOUNDATION,0,9505000,9396000,2452000
233236,"DOMINICAN SISTERS (THIRD ORDER) CONGREGATION OF NEWCASTLE NATAL (ESTABLISHED AT BUSHEY HEATH, HERTS)",69593,1168715,9390864,10054733
230791,THE SALVATION ARMY OFFICERS' PENSION FUND,0,9370228,9370228,7730711
233977,CLIFTON DIOCESAN TRUST,779000,6063000,9364000,8768000
1079501,THE ANGEL FOUNDATION,0,8903474,9348065,10883310
213121,THE CENTRAL YOUNG MEN'S CHRISTIAN ASSOCIATION,245000,1545000,9340000,10662000
502791,THE GUY PILKINGTON MEMORIAL HOME LIMITED,0,2830,9329903,9080917
310208,"QUEEN'S COLLEGE, TAUNTON",0,43858,9319076,9473167
1103958,THE WESTMINSTER ACADEMY (WESTBOURNE GREEN),NA,NA,9313778,10535569
525934,KING'S SCHOOL,0,178000,9311000,8829000
1115098,CHIGWELL SCHOOL,0,397743,9308632,8162695
525761,THE UNITED WORLD COLLEGE OF THE ATLANTIC LIMITED,0,1333247,9306462,8286195
1126997,MEMRALIFE GROUP,0,425050,9292744,10644113
